primary_segment,patient_count,percent
Acute Overlay,103,8.940972222222221
Cardio-Metabolic,53,4.600694444444445
Low Risk Stable,671,58.24652777777778
Midlife Escalation,95,8.246527777777779
Multimorbid Frail,230,19.96527777777778
